local,year,fleet_monitored,assisted_trips,estimated_fishermen,production_ton,fishermen_per_vessel.x,cpue_ton_per_trip,cpue_per_fisherman,fishermen_per_vessel.y,municipality,n_landing_points,period
AREIA BRANCA,2003,26,57,124.33,18.8,4.781923076923077,0.3298245614035088,0.15121048821684227,4.781923076923077,NA,8,early
AREIA BRANCA,2005,94,846,251.27,117.16,2.673085106382979,0.1384869976359338,0.4662713415847494,2.673085106382979,NA,8,early
AREIA BRANCA,2006,67,633,244.16,38.01,3.644179104477612,0.0600473933649289,0.15567660550458717,3.644179104477612,NA,8,early
AREIA BRANCA,2007,61,241,265.31,55.91,4.349344262295082,0.23199170124481328,0.21073461234028115,4.349344262295082,NA,8,early
AREIA BRANCA,2008,108,1867,360.84,377.11,3.3411111111111107,0.20198714515265132,1.0450892362265825,3.3411111111111107,NA,8,early
AREIA BRANCA,2009,153,2570,641,841.98,4.189542483660131,0.32761867704280156,1.313541341653666,4.189542483660131,NA,8,middle
AREIA BRANCA,2010,187,4427,490.5,704.232,2.622994652406417,0.15907657555906934,1.435743119266055,2.622994652406417,NA,8,middle
AREIA BRANCA,2011,167,4846,386,708.344,2.311377245508982,0.14617086256706563,1.8350880829015543,2.311377245508982,NA,8,middle
AREIA BRANCA,2012,196,5090,289,984.1,1.4744897959183674,0.19333988212180744,3.405190311418685,1.4744897959183674,NA,8,middle
AREIA BRANCA,2013,198,5141,328.5,1454.6,1.6590909090909092,0.28294106205018477,4.4280060882800605,1.6590909090909092,NA,8,middle
AREIA BRANCA,2014,101,2292,389,1328.79,3.8514851485148514,0.5797513089005235,3.415912596401028,3.8514851485148514,NA,8,middle
AREIA BRANCA,2015,119,2875,490,2131.7,4.117647058823529,0.7414608695652173,4.350408163265306,4.117647058823529,NA,8,middle
AREIA BRANCA,2016,110,2705,404,3070.2,3.672727272727273,1.1350092421441773,7.599504950495049,3.672727272727273,NA,8,recent
AREIA BRANCA,2017,99,2342,326,3005,3.292929292929293,1.2830913748932535,9.217791411042946,3.292929292929293,NA,8,recent
AREIA BRANCA,2018,109,1978,390,2284.02,3.5779816513761467,1.1547118301314458,5.856461538461539,3.5779816513761467,NA,8,recent
AREIA BRANCA,2019,104,5729,380,4065.29,3.6538461538461537,0.7095985337755281,10.698131578947368,3.6538461538461537,NA,8,recent
AREIA BRANCA,2020,81,4398,296,3364.9,3.654320987654321,0.7650977717144156,11.367905405405406,3.654320987654321,NA,8,recent
AREIA BRANCA,2021,93,5340,337.7,4081.78639,3.631182795698925,0.7643794737827716,12.087019218241045,3.631182795698925,NA,8,recent
AREIA BRANCA,2022,111.9,5041,320.6,3794.97,2.865058087578195,0.7528208688752231,11.83708671241422,2.865058087578195,NA,8,recent
AREIA BRANCA,2023,81,4576,265.4,3747.05,3.276543209876543,0.8188483391608392,14.118500376789752,3.276543209876543,NA,8,recent
AREIA BRANCA,2024,61.1,3406,219,2896.9,3.5842880523731586,0.8505284791544334,13.22785388127854,3.5842880523731586,NA,8,recent
CAICARA DO NORTE,2001,219,5976,710.82,202.7,3.2457534246575346,0.0339190093708166,0.2851636138544216,3.2457534246575346,NA,2,early
CAICARA DO NORTE,2002,208,5495,697,305.65,3.3509615384615383,0.05562329390354868,0.43852223816355806,3.3509615384615383,NA,2,early
CAICARA DO NORTE,2003,200,5482,684.23,332.59,3.42115,0.06066946369937978,0.4860792423600251,3.42115,NA,2,early
CAICARA DO NORTE,2004,200,6107,666.13,421.24,3.33065,0.06897658424758474,0.6323690570909583,3.33065,NA,2,early
CAICARA DO NORTE,2005,217,4930,699.5,335.3,3.2235023041474653,0.06801217038539555,0.47934238741958546,3.2235023041474653,NA,2,early
CAICARA DO NORTE,2006,196,4786,666.79,364.5,3.401989795918367,0.07615963226076056,0.5466488699590576,3.401989795918367,NA,2,early
CAICARA DO NORTE,2007,208,5534,654.75,509.34,3.1478365384615383,0.09203830863751354,0.7779152348224513,3.1478365384615383,NA,2,early
CAICARA DO NORTE,2008,199,5402,634.87,429.4,3.1903015075376886,0.0794890781192151,0.6763589396254351,3.1903015075376886,NA,2,early
CAICARA DO NORTE,2009,130,5082,854.5,1485.851,6.573076923076923,0.2923752459661551,1.738854300760679,6.573076923076923,NA,2,middle
CAICARA DO NORTE,2010,145,5675,797.5,1346.424,5.5,0.23725533039647576,1.6883059561128526,5.5,NA,2,middle
CAICARA DO NORTE,2011,217,10818,685,1257.689,3.1566820276497696,0.11625892031798854,1.8360423357664235,3.1566820276497696,NA,2,middle
CAICARA DO NORTE,2012,406,14516,571,1450.1,1.4064039408866995,0.09989666574813998,2.5395796847635723,1.4064039408866995,NA,2,middle
CAICARA DO NORTE,2013,356,14222,566,1634.4,1.5898876404494382,0.11492054563352554,2.8876325088339225,1.5898876404494382,NA,2,middle
CAICARA DO NORTE,2014,178,6908,557,1081.2,3.1292134831460676,0.1565141864504922,1.941113105924596,3.1292134831460676,NA,2,middle
CAICARA DO NORTE,2015,181,7474,604,760.9,3.3370165745856353,0.1018062617072518,1.2597682119205298,3.3370165745856353,NA,2,middle
CAICARA DO NORTE,2016,177,6376,561,1672.6,3.169491525423729,0.26232747804265993,2.981461675579322,3.169491525423729,NA,2,recent
CAICARA DO NORTE,2017,190,5230,494,1750,2.6,0.33460803059273425,3.54251012145749,2.6,NA,2,recent
CAICARA DO NORTE,2018,200,4084,554,424.39,2.77,0.10391527913809988,0.7660469314079422,2.77,NA,2,recent
CAICARA DO NORTE,2019,150,12633,561,1122.63,3.74,0.08886487770125862,2.0011229946524067,3.74,NA,2,recent
CAICARA DO NORTE,2020,154,8105,534,999.21,3.4675324675324677,0.12328315854410858,1.871179775280899,3.4675324675324677,NA,2,recent
CAICARA DO NORTE,2021,138,8799,509.6,1250.73997,3.692753623188406,0.14214569496533697,2.4543562990580847,3.692753623188406,NA,2,recent
CAICARA DO NORTE,2022,191.8,8280,531.1,898.67,2.769030239833159,0.10853502415458936,1.6920918847674635,2.769030239833159,NA,2,recent
CAICARA DO NORTE,2023,140,8953,539.5,999.63,3.8535714285714286,0.11165307718083324,1.852882298424467,3.8535714285714286,NA,2,recent
CAICARA DO NORTE,2024,166.8,6922,436,784.3,2.6139088729016784,0.11330540306269864,1.7988532110091742,2.6139088729016784,NA,2,recent
GALINHOS,2004,61,814,151.49,40.3,2.48344262295082,0.0495085995085995,0.26602416001056173,2.48344262295082,NA,1,early
GALINHOS,2005,74,735,162.8,27.3,2.2,0.03714285714285714,0.16769041769041768,2.2,NA,1,early
GALINHOS,2007,80,828,167.41,20.31,2.092625,0.02452898550724637,0.12131891762738188,2.092625,NA,1,early
GALINHOS,2008,128,3849,292.29,148.38,2.283515625,0.03855027279812938,0.5076465154469876,2.283515625,NA,1,early
GALINHOS,2009,131,3828,151.5,207.233,1.1564885496183206,0.05413610240334378,1.367874587458746,1.1564885496183206,NA,1,middle
GALINHOS,2010,149,4718,199,246.633,1.3355704697986577,0.05227490462060195,1.239361809045226,1.3355704697986577,NA,1,middle
GALINHOS,2011,174,4703,185.5,237.15,1.0660919540229885,0.05042526047203912,1.2784366576819408,1.0660919540229885,NA,1,middle
GALINHOS,2012,146,4779,166,219.5,1.1369863013698631,0.04593011090186232,1.322289156626506,1.1369863013698631,NA,1,middle
GALINHOS,2013,132,4202,252.75,214.7,1.9147727272727273,0.05109471680152308,0.849455984174085,1.9147727272727273,NA,1,middle
GALINHOS,2014,60,1738,139,94.22,2.316666666666667,0.05421173762945915,0.677841726618705,2.316666666666667,NA,1,middle
GALINHOS,2015,56,1586,127,89.2,2.267857142857143,0.05624211853720051,0.7023622047244095,2.267857142857143,NA,1,middle
GALINHOS,2016,55,1388,134,202.3,2.4363636363636365,0.1457492795389049,1.5097014925373136,2.4363636363636365,NA,1,recent
GALINHOS,2017,58,1144,126,204,2.1724137931034484,0.1783216783216783,1.619047619047619,2.1724137931034484,NA,1,recent
GALINHOS,2018,53,899,119,75.99,2.2452830188679247,0.08452725250278086,0.6385714285714286,2.2452830188679247,NA,1,recent
GALINHOS,2019,53,3526,130,222.479,2.452830188679245,0.06309671015314805,1.7113769230769231,2.452830188679245,NA,1,recent
GALINHOS,2020,50,3502,112,179.61,2.24,0.05128783552255854,1.6036607142857144,2.24,NA,1,recent
GALINHOS,2021,49,4381,116.9,194.2537,2.3857142857142857,0.04434003652134216,1.6617082976903337,2.3857142857142857,NA,1,recent
GALINHOS,2022,46.8,4382,111,197.49,2.371794871794872,0.04506846188954815,1.7791891891891891,2.371794871794872,NA,1,recent
GALINHOS,2023,50,4754,114.7,232.49,2.294,0.04890408077408498,2.026939843068875,2.294,NA,1,recent
GALINHOS,2024,48.3,3800,109,178.1,2.256728778467909,0.04686842105263158,1.6339449541284403,2.256728778467909,NA,1,recent
GROSSOS,2003,1,3,5,0.82,5,NA,0.16399999999999998,5,NA,3,early
GROSSOS,2005,2,4,8,2.77,4,NA,0.34625,4,NA,3,early
GROSSOS,2007,1,2,5,1.3,5,NA,0.26,5,NA,3,early
GROSSOS,2009,43,1051,116,72.139,2.697674418604651,0.06863843958135109,0.6218879310344827,2.697674418604651,NA,3,middle
GROSSOS,2010,92,4398,103.5,108.012,1.125,0.02455934515688949,1.0435942028985508,1.125,NA,3,middle
GROSSOS,2011,137,4275,112,103.226,0.8175182481751825,0.02414643274853801,0.9216607142857144,0.8175182481751825,NA,3,middle
GROSSOS,2012,78,5787,84.5,97,1.0833333333333333,0.01676170727492655,1.1479289940828403,1.0833333333333333,NA,3,middle
GROSSOS,2013,73,4730,50,78.7,0.684931506849315,0.01663847780126849,1.574,0.684931506849315,NA,3,middle
GROSSOS,2014,37,2514,78,35.9,2.108108108108108,0.01428003182179793,0.46025641025641023,2.108108108108108,NA,3,middle
GROSSOS,2015,36,2325,80,34.6,2.2222222222222223,0.01488172043010752,0.4325,2.2222222222222223,NA,3,middle
GROSSOS,2016,34,2281,79,75,2.323529411764706,0.03288031565103025,0.9493670886075948,2.323529411764706,NA,3,recent
GROSSOS,2017,43,1482,89,75,2.0697674418604652,0.05060728744939271,0.8426966292134831,2.0697674418604652,NA,3,recent
GROSSOS,2018,25,682,59,17.77,2.36,0.02605571847507331,0.30118644067796607,2.36,NA,3,recent
GROSSOS,2019,21,14632,53,34.307,2.5238095238095237,0.00234465554948059,0.6473018867924528,2.5238095238095237,NA,3,recent
GROSSOS,2020,17,1280,46,176.07,2.7058823529411766,0.1375546875,3.8276086956521738,2.7058823529411766,NA,3,recent
GROSSOS,2021,20,1219,52.5,28.3846,2.625,0.02328515176374077,0.5406590476190476,2.625,NA,3,recent
GROSSOS,2022,24.1,1343,47.3,30.37,1.9626556016597507,0.02261355174981385,0.6420718816067654,1.9626556016597507,NA,3,recent
GROSSOS,2023,17,1437,54.6,33.19,3.211764705882353,0.02309672929714683,0.6078754578754578,3.211764705882353,NA,3,recent
GROSSOS,2024,23.5,1113,52,25.8,2.2127659574468086,0.02318059299191375,0.49615384615384617,2.2127659574468086,NA,3,recent
GUAMARE,2001,57,1047,156.8,42.64,2.7508771929824563,0.04072588347659981,0.27193877551020407,2.7508771929824563,NA,2,early
GUAMARE,2002,76,2007,204.9,73.38,2.6960526315789473,0.03656203288490284,0.35812591508052705,2.6960526315789473,NA,2,early
GUAMARE,2003,74,1770,189.48,67.68,2.5605405405405404,0.03823728813559322,0.35718809373020904,2.5605405405405404,NA,2,early
GUAMARE,2004,85,3070,215.33,149.06,2.533294117647059,0.04855374592833876,0.6922398179538383,2.533294117647059,NA,2,early
GUAMARE,2005,72,1687,184.08,82.16,2.556666666666666,0.04870183758150562,0.4463276836158191,2.556666666666666,NA,2,early
GUAMARE,2006,50,1224,158.87,48.93,3.1774,0.03997549019607843,0.3079876628690124,3.1774,NA,2,early
GUAMARE,2007,51,1025,163.13,51.93,3.1986274509803923,0.05066341463414634,0.3183350701894195,3.1986274509803923,NA,2,early
GUAMARE,2008,120,4544,299.8,462.76,2.4983333333333335,0.10183978873239435,1.543562374916611,2.4983333333333335,NA,2,early
GUAMARE,2009,134,4440,176.5,438.737,1.3171641791044777,0.09881463963963964,2.4857620396600564,1.3171641791044777,NA,2,middle
GUAMARE,2010,127,4796,168.5,364.437,1.3267716535433072,0.07598769808173478,2.162830860534125,1.3267716535433072,NA,2,middle
GUAMARE,2011,139,4404,157,346.651,1.129496402877698,0.07871276112624886,2.207968152866242,1.129496402877698,NA,2,middle
GUAMARE,2012,111,4293,137,183.8,1.2342342342342345,0.04281388306545539,1.3416058394160584,1.2342342342342345,NA,2,middle
GUAMARE,2013,104,4401,127.25,195,1.2235576923076923,0.04430811179277437,1.5324165029469548,1.2235576923076923,NA,2,middle
GUAMARE,2014,62,2535,141,102.38,2.274193548387097,0.04038658777120315,0.7260992907801418,2.274193548387097,NA,2,middle
GUAMARE,2015,64,2830,155,117.2,2.421875,0.04141342756183745,0.7561290322580645,2.421875,NA,2,middle
GUAMARE,2016,59,2482,140,228.4,2.3728813559322033,0.0920225624496374,1.6314285714285717,2.3728813559322033,NA,2,recent
GUAMARE,2017,65,2266,137,230,2.107692307692308,0.10150044130626656,1.6788321167883211,2.107692307692308,NA,2,recent
GUAMARE,2018,65,2051,152,111.81,2.3384615384615386,0.05451487079473428,0.7355921052631579,2.3384615384615386,NA,2,recent
GUAMARE,2019,60,8084,147,296.318,2.45,0.03665487382483919,2.015768707482993,2.45,NA,2,recent
GUAMARE,2020,57,3756,136,188.79,2.3859649122807016,0.05026357827476038,1.3881617647058824,2.3859649122807016,NA,2,recent
GUAMARE,2021,52,3347,134.9,203.42719,2.5942307692307693,0.06077896325067224,1.507985100074129,2.5942307692307693,NA,2,recent
GUAMARE,2022,71.6,4387,164.9,342.24,2.3030726256983245,0.07801230909505356,2.0754396604002427,2.3030726256983245,NA,2,recent
GUAMARE,2023,57,4467,155.8,403.91,2.7333333333333334,0.09042086411461832,2.592490372272144,2.7333333333333334,NA,2,recent
GUAMARE,2024,56.5,3479,123,207.4,2.1769911504424777,0.05961483184823225,1.686178861788618,2.1769911504424777,NA,2,recent
MACAU,2001,208,3574,516.8,224.49,2.484615384615384,0.06281197537772804,0.4343846749226007,2.484615384615384,NA,6,early
MACAU,2002,213,3481,565.79,252.67,2.6562910798122066,0.07258546394714162,0.4465791194612842,2.6562910798122066,NA,6,early
MACAU,2003,218,4319,553.71,377.68,2.539954128440367,0.08744616809446631,0.6820899026566253,2.539954128440367,NA,6,early
MACAU,2004,235,6039,666.29,688.09,2.8352765957446806,0.1139410498426892,1.0327184859445588,2.8352765957446806,NA,6,early
MACAU,2005,254,5826,553.88,390.76,2.1806299212598423,0.06707174733951253,0.7054957752581786,2.1806299212598423,NA,6,early
MACAU,2006,199,3454,504.59,216.66,2.5356281407035173,0.06272727272727273,0.42937830714045067,2.5356281407035173,NA,6,early
MACAU,2007,247,4853,617.58,369.66,2.500323886639676,0.07617144034617762,0.5985621296026425,2.500323886639676,NA,6,early
MACAU,2008,307,11470,765.92,969.82,2.49485342019544,0.08455274629468178,1.2662157927720912,2.49485342019544,NA,6,early
MACAU,2009,295,13518,685,2406.311,2.3220338983050848,0.17800791537209648,3.512862773722628,2.3220338983050848,NA,6,middle
MACAU,2010,432,18778,723,2081.226,1.6736111111111112,0.11083320907444882,2.878597510373444,1.6736111111111112,NA,6,middle
MACAU,2011,248,15919,584,1752.678,2.3548387096774195,0.1100997550097368,3.0011609589041095,2.3548387096774195,NA,6,middle
MACAU,2012,366,15622,482.5,1086.1,1.3183060109289615,0.06952374855972346,2.250984455958549,1.3183060109289615,NA,6,middle
MACAU,2013,340,16881,509.25,1470.3,1.4977941176470588,0.08709792073929269,2.8871870397643593,1.4977941176470588,NA,6,middle
MACAU,2014,170,7897,507,818.85,2.9823529411764707,0.10369127516778524,1.61508875739645,2.9823529411764707,NA,6,middle
MACAU,2015,182,9924,535,752.9,2.93956043956044,0.07586658605401048,1.4072897196261682,2.93956043956044,NA,6,middle
MACAU,2016,199,10102,521,1466,2.6180904522613067,0.14511977826173034,2.8138195777351247,2.6180904522613067,NA,6,recent
MACAU,2017,208,9162,481,1533,2.3125,0.1673215455140799,3.187110187110187,2.3125,NA,6,recent
MACAU,2018,213,8221,558,595.3,2.619718309859155,0.07241211531443863,1.066845878136201,2.619718309859155,NA,6,recent
MACAU,2019,231,23069,661,1643.916,2.8614718614718613,0.07126082621700117,2.4870136157337366,2.8614718614718613,NA,6,recent
MACAU,2020,220,18086,597,1370.75,2.713636363636364,0.07579066681411036,2.29606365159129,2.713636363636364,NA,6,recent
MACAU,2021,211,18623,615.1,1308.62037,2.9151658767772513,0.07026904204478333,2.127492066330678,2.9151658767772513,NA,6,recent
MACAU,2022,284,18228,684.1,1358.49,2.4088028169014084,0.07452764976958526,1.985806168688788,2.4088028169014084,NA,6,recent
MACAU,2023,220,18509,639.8,1359.32,2.9081818181818178,0.07344102868874601,2.124601437949359,2.9081818181818178,NA,6,recent
MACAU,2024,210.1,15049,529,997.1,2.517848643503094,0.06625689414579042,1.8848771266540645,2.517848643503094,NA,6,recent
PORTO DO MANGUE,2001,61,4841,151.65,96.6,2.486065573770492,0.01995455484404048,0.6369930761622156,2.486065573770492,NA,3,early
PORTO DO MANGUE,2002,66,3021,171.04,65.83,2.5915151515151513,0.0217907977490897,0.38488072965388215,2.5915151515151513,NA,3,early
PORTO DO MANGUE,2003,53,1833,151.89,46.08,2.8658490566037735,0.02513911620294599,0.3033774442030417,2.8658490566037735,NA,3,early
PORTO DO MANGUE,2004,50,2616,127.54,69.85,2.5508,0.02670107033639143,0.5476713188019444,2.5508,NA,3,early
PORTO DO MANGUE,2005,89,4660,218.09,139.68,2.4504494382022473,0.02997424892703863,0.6404695309275987,2.4504494382022473,NA,3,early
PORTO DO MANGUE,2006,44,2664,105.2,85.16,2.390909090909091,0.03196696696696696,0.8095057034220532,2.390909090909091,NA,3,early
PORTO DO MANGUE,2007,75,1926,200.31,44.82,2.6708,0.02327102803738318,0.22375318256702112,2.6708,NA,3,early
PORTO DO MANGUE,2008,119,9864,372.87,351.49,3.133361344537815,0.03563361719383617,0.942660981038968,3.133361344537815,NA,3,early
PORTO DO MANGUE,2009,152,7982,350.5,570.5830000000001,2.3059210526315788,0.07148371335504887,1.6279115549215408,2.3059210526315788,NA,3,middle
PORTO DO MANGUE,2010,163,7630,328,452.342,2.0122699386503067,0.05928466579292267,1.379091463414634,2.0122699386503067,NA,3,middle
PORTO DO MANGUE,2011,147,7627,291.5,579.2239999999999,1.9829931972789117,0.07594388357152221,1.9870463121783877,1.9829931972789117,NA,3,middle
PORTO DO MANGUE,2012,209,10340,276,559,1.3205741626794258,0.05406189555125725,2.0253623188405796,1.3205741626794258,NA,3,middle
PORTO DO MANGUE,2013,190,10207,298,663.5,1.568421052631579,0.06500440873910061,2.226510067114094,1.568421052631579,NA,3,middle
PORTO DO MANGUE,2014,95,4468,266,257.51,2.8,0.05763428827215756,0.9680827067669172,2.8,NA,3,middle
PORTO DO MANGUE,2015,126,6281,285,218.2,2.261904761904762,0.03473969113198535,0.7656140350877193,2.261904761904762,NA,3,middle
PORTO DO MANGUE,2016,122,5701,272,527.6,2.2295081967213113,0.09254516751447114,1.9397058823529412,2.2295081967213113,NA,3,recent
PORTO DO MANGUE,2017,116,4348,244,529,2.103448275862069,0.1216651333946642,2.168032786885246,2.103448275862069,NA,3,recent
PORTO DO MANGUE,2018,111,2996,279,150.24,2.5135135135135136,0.05014686248331108,0.538494623655914,2.5135135135135136,NA,3,recent
PORTO DO MANGUE,2019,111,7740,295,398.551,2.6576576576576576,0.05149237726098191,1.3510203389830509,2.6576576576576576,NA,3,recent
PORTO DO MANGUE,2020,101,6156,290,321.68,2.871287128712871,0.05225471085120208,1.1092413793103448,2.871287128712871,NA,3,recent
PORTO DO MANGUE,2021,111,7032,300.2,354.64167,2.7045045045045044,0.05043254692832764,1.1813513324450369,2.7045045045045044,NA,3,recent
PORTO DO MANGUE,2022,117.9,6901,278.3,649.24,2.3604749787955894,0.09407911896826548,2.332878189004671,2.3604749787955894,NA,3,recent
PORTO DO MANGUE,2023,101,6850,273.7,546.13,2.7099009900990096,0.07972700729927007,1.9953598830836683,2.7099009900990096,NA,3,recent
PORTO DO MANGUE,2024,106,4918,246,393.6,2.320754716981132,0.08003253355022368,1.6,2.320754716981132,NA,3,recent
TIBAU,2008,2,4,6,2.56,3,NA,0.4266666666666667,3,NA,2,early
TIBAU,2009,19,513,85,36.267,4.473684210526316,0.07069590643274855,0.42667058823529413,4.473684210526316,NA,2,middle
TIBAU,2010,40,1360,71,39.521,1.775,0.02905955882352941,0.5566338028169014,1.775,NA,2,middle
TIBAU,2011,85,1100,55.5,42.845,0.6529411764705882,0.03895,0.771981981981982,0.6529411764705882,NA,2,middle
TIBAU,2012,18,885,34.5,35.8,1.9166666666666667,0.04045197740112994,1.0376811594202895,1.9166666666666667,NA,2,middle
TIBAU,2013,14,761,26.5,41.4,1.8928571428571428,0.05440210249671484,1.562264150943396,1.8928571428571428,NA,2,middle
TIBAU,2014,5,367,23,12.37,4.6,0.03370572207084468,0.5378260869565217,4.6,NA,2,middle
TIBAU,2015,9,362,37,16.7,4.111111111111111,0.04613259668508287,0.45135135135135135,4.111111111111111,NA,2,middle
TIBAU,2016,6,482,31,35.2,5.166666666666667,0.07302904564315353,1.135483870967742,5.166666666666667,NA,2,recent
TIBAU,2017,14,482,31,33,2.2142857142857144,0.06846473029045644,1.064516129032258,2.2142857142857144,NA,2,recent
TIBAU,2018,12,483,50,34.15,4.166666666666667,0.070703933747412,0.6829999999999999,4.166666666666667,NA,2,recent
TIBAU,2019,7,2295,36,33.977,5.142857142857143,0.01480479302832243,0.9438055555555556,5.142857142857143,NA,2,recent
TIBAU,2020,6,651,33,17.84,5.5,0.02740399385560675,0.5406060606060606,5.5,NA,2,recent
TIBAU,2021,7,671,30.8,12.84931,4.4,0.01914949329359165,0.4171853896103896,4.4,NA,2,recent
TIBAU,2022,12.9,659,26.4,16.07,2.0465116279069764,0.02438543247344461,0.6087121212121213,2.0465116279069764,NA,2,recent
TIBAU,2023,6,671,25.6,23.15,4.266666666666667,0.03450074515648286,0.904296875,4.266666666666667,NA,2,recent
TIBAU,2024,5.5,667,27,17.2,4.909090909090909,0.02578710644677661,0.637037037037037,4.909090909090909,NA,2,recent
